skin_tone,skin_tone_category,ID,gender,purchased_top,purchased_bottom,skin_tone_r,skin_tone_g,skin_tone_b
"(160, 126, 86)",Medium,1,Male,3,26,160,126,86
"(234, 218, 186)",Light,2,Male,9,13,234,218,186
"(234, 218, 186)",Light,3,Female,17,19,234,218,186
"(215, 189, 150)",Medium,4,Male,6,24,215,189,150
"(130, 92, 67)",Medium,5,Male,7,9,130,92,67
"(234, 218, 186)",Light,6,Male,12,7,234,218,186
"(247, 134, 208)",Medium,7,Female,21,17,247,134,208
"(96, 65, 52)",Dark,8,Male,22,5,96,65,52
"(215, 189, 150)",Medium,9,Male,3,24,215,189,150
"(215, 189, 150)",Medium,10,Male,2,19,215,189,150
"(160, 126, 86)",Medium,11,Female,12,6,160,126,86
"(130, 92, 67)",Medium,12,Male,15,7,130,92,67
"(160, 126, 86)",Medium,13,Female,20,12,160,126,86
"(130, 92, 67)",Medium,14,Female,20,2,130,92,67
"(234, 218, 186)",Light,15,Female,9,20,234,218,186
"(96, 65, 52)",Dark,16,Female,2,22,96,65,52
"(243, 231, 219)",Light,17,Female,4,8,243,231,219
"(160, 126, 86)",Medium,18,Male,21,10,160,126,86
"(130, 92, 67)",Medium,19,Female,3,19,130,92,67
"(160, 126, 86)",Medium,20,Female,8,10,160,126,86
"(58, 49, 42)",Dark,21,Female,17,3,58,49,42
"(130, 92, 67)",Medium,22,Male,23,19,130,92,67
"(160, 126, 86)",Medium,23,Female,10,6,160,126,86
"(247, 134, 208)",Medium,24,Female,8,13,247,134,208
"(215, 189, 150)",Medium,25,Male,3,25,215,189,150
"(243, 231, 219)",Light,26,Female,19,6,243,231,219
"(58, 49, 42)",Dark,27,Female,25,18,58,49,42
"(234, 218, 186)",Light,28,Male,23,4,234,218,186
"(96, 65, 52)",Dark,29,Female,8,1,96,65,52
"(130, 92, 67)",Medium,30,Male,19,9,130,92,67
"(58, 49, 42)",Dark,31,Male,22,5,58,49,42
"(234, 218, 186)",Light,32,Female,19,4,234,218,186
"(215, 189, 150)",Medium,33,Female,14,2,215,189,150
"(96, 65, 52)",Dark,34,Female,17,5,96,65,52
"(58, 49, 42)",Dark,35,Female,11,15,58,49,42
"(234, 218, 186)",Light,36,Male,9,8,234,218,186
"(246, 237, 228)",Light,37,Female,11,5,246,237,228
"(234, 218, 186)",Light,38,Male,7,13,234,218,186
"(234, 218, 186)",Light,39,Male,21,3,234,218,186
"(215, 189, 150)",Medium,40,Female,10,12,215,189,150
"(247, 134, 208)",Medium,41,Female,18,12,247,134,208
"(243, 231, 219)",Light,42,Male,8,7,243,231,219
"(215, 189, 150)",Medium,43,Male,1,14,215,189,150
"(215, 189, 150)",Medium,44,Female,23,10,215,189,150
"(160, 126, 86)",Medium,45,Female,1,11,160,126,86
"(243, 231, 219)",Light,46,Male,11,26,243,231,219
"(243, 231, 219)",Light,47,Male,1,22,243,231,219
"(160, 126, 86)",Medium,48,Male,3,10,160,126,86
"(247, 134, 208)",Medium,49,Male,17,26,247,134,208
"(247, 134, 208)",Medium,50,Female,10,6,247,134,208
"(58, 49, 42)",Dark,51,Male,16,17,58,49,42
"(215, 189, 150)",Medium,52,Female,10,20,215,189,150
"(247, 134, 208)",Medium,53,Female,10,4,247,134,208
"(215, 189, 150)",Medium,54,Female,10,7,215,189,150
"(243, 231, 219)",Light,55,Male,20,6,243,231,219
"(215, 189, 150)",Medium,56,Female,12,16,215,189,150
"(247, 134, 208)",Medium,57,Male,14,2,247,134,208
"(243, 231, 219)",Light,58,Female,19,19,243,231,219
"(243, 231, 219)",Light,59,Male,11,5,243,231,219
"(96, 65, 52)",Dark,60,Male,12,20,96,65,52
"(96, 65, 52)",Dark,61,Female,13,8,96,65,52
"(160, 126, 86)",Medium,62,Female,15,19,160,126,86
"(247, 134, 208)",Medium,63,Male,19,12,247,134,208
"(160, 126, 86)",Medium,64,Male,21,6,160,126,86
"(160, 126, 86)",Medium,65,Female,15,17,160,126,86
"(243, 231, 219)",Light,66,Female,22,21,243,231,219
"(215, 189, 150)",Medium,67,Male,7,18,215,189,150
"(247, 134, 208)",Medium,68,Male,7,19,247,134,208
"(160, 126, 86)",Medium,69,Male,4,19,160,126,86
"(247, 134, 208)",Medium,70,Male,15,15,247,134,208
"(215, 189, 150)",Medium,71,Male,4,9,215,189,150
"(130, 92, 67)",Medium,72,Female,23,7,130,92,67
"(160, 126, 86)",Medium,73,Male,15,16,160,126,86
"(96, 65, 52)",Dark,74,Female,3,15,96,65,52
"(247, 134, 208)",Medium,75,Male,15,22,247,134,208
"(58, 49, 42)",Dark,76,Male,4,20,58,49,42
"(96, 65, 52)",Dark,77,Male,17,11,96,65,52
"(96, 65, 52)",Dark,78,Female,16,8,96,65,52
"(96, 65, 52)",Dark,79,Male,13,8,96,65,52
"(247, 134, 208)",Medium,80,Male,6,18,247,134,208
"(58, 49, 42)",Dark,81,Male,22,11,58,49,42
"(247, 134, 208)",Medium,82,Male,23,24,247,134,208
"(215, 189, 150)",Medium,83,Male,5,14,215,189,150
"(247, 134, 208)",Medium,84,Male,14,9,247,134,208
"(215, 189, 150)",Medium,85,Female,12,11,215,189,150
"(160, 126, 86)",Medium,86,Female,12,17,160,126,86
"(234, 218, 186)",Light,87,Male,21,18,234,218,186
"(215, 189, 150)",Medium,88,Female,14,13,215,189,150
"(243, 231, 219)",Light,89,Male,21,15,243,231,219
"(130, 92, 67)",Medium,90,Male,10,3,130,92,67
"(243, 231, 219)",Light,91,Female,5,19,243,231,219
"(243, 231, 219)",Light,92,Male,19,24,243,231,219
"(130, 92, 67)",Medium,93,Male,21,7,130,92,67
"(130, 92, 67)",Medium,94,Female,27,4,130,92,67
"(130, 92, 67)",Medium,95,Male,18,6,130,92,67
"(96, 65, 52)",Dark,96,Male,11,1,96,65,52
"(96, 65, 52)",Dark,97,Female,16,3,96,65,52
"(130, 92, 67)",Medium,98,Male,3,3,130,92,67
"(160, 126, 86)",Medium,99,Male,5,12,160,126,86
"(160, 126, 86)",Medium,100,Male,14,2,160,126,86
"(58, 49, 42)",Dark,101,Male,4,21,58,49,42
"(243, 231, 219)",Light,102,Male,8,12,243,231,219
"(160, 126, 86)",Medium,103,Male,23,19,160,126,86
"(160, 126, 86)",Medium,104,Female,1,16,160,126,86
"(160, 126, 86)",Medium,105,Male,20,23,160,126,86
"(58, 49, 42)",Dark,106,Female,26,14,58,49,42
"(243, 231, 219)",Light,107,Male,18,8,243,231,219
"(247, 134, 208)",Medium,108,Male,21,19,247,134,208
"(96, 65, 52)",Dark,109,Female,13,15,96,65,52
"(160, 126, 86)",Medium,110,Male,17,18,160,126,86
"(130, 92, 67)",Medium,111,Female,18,17,130,92,67
"(160, 126, 86)",Medium,112,Female,1,20,160,126,86
"(130, 92, 67)",Medium,113,Female,27,2,130,92,67
"(215, 189, 150)",Medium,114,Male,5,23,215,189,150
"(246, 237, 228)",Light,115,Male,7,24,246,237,228
"(160, 126, 86)",Medium,116,Male,15,7,160,126,86
"(58, 49, 42)",Dark,117,Female,26,1,58,49,42
"(215, 189, 150)",Medium,118,Female,28,10,215,189,150
"(243, 231, 219)",Light,119,Male,5,25,243,231,219
"(96, 65, 52)",Dark,120,Male,12,8,96,65,52
"(234, 218, 186)",Light,121,Male,5,25,234,218,186
"(96, 65, 52)",Dark,122,Female,21,14,96,65,52
"(247, 134, 208)",Medium,123,Female,8,19,247,134,208
"(160, 126, 86)",Medium,124,Female,21,4,160,126,86
"(234, 218, 186)",Light,125,Male,5,6,234,218,186
"(160, 126, 86)",Medium,126,Female,14,10,160,126,86
"(247, 134, 208)",Medium,127,Female,1,12,247,134,208
"(130, 92, 67)",Medium,128,Male,17,18,130,92,67
"(215, 189, 150)",Medium,129,Male,14,24,215,189,150
"(160, 126, 86)",Medium,130,Female,14,13,160,126,86
"(234, 218, 186)",Light,131,Male,14,12,234,218,186
"(243, 231, 219)",Light,132,Male,9,12,243,231,219
"(234, 218, 186)",Light,133,Male,16,13,234,218,186
"(215, 189, 150)",Medium,134,Female,20,13,215,189,150
"(130, 92, 67)",Medium,135,Female,1,6,130,92,67
"(160, 126, 86)",Medium,136,Female,20,10,160,126,86
"(160, 126, 86)",Medium,137,Male,10,22,160,126,86
"(247, 134, 208)",Medium,138,Male,6,2,247,134,208
"(243, 231, 219)",Light,139,Female,6,18,243,231,219
"(215, 189, 150)",Medium,140,Female,23,6,215,189,150
"(215, 189, 150)",Medium,141,Male,7,25,215,189,150
"(160, 126, 86)",Medium,142,Male,1,23,160,126,86
"(160, 126, 86)",Medium,143,Male,23,2,160,126,86
"(215, 189, 150)",Medium,144,Male,6,26,215,189,150
"(96, 65, 52)",Dark,145,Female,16,22,96,65,52
"(247, 134, 208)",Medium,146,Male,3,16,247,134,208
"(96, 65, 52)",Dark,147,Male,13,17,96,65,52
"(243, 231, 219)",Light,148,Male,8,5,243,231,219
"(160, 126, 86)",Medium,149,Male,18,10,160,126,86
"(234, 218, 186)",Light,150,Female,15,19,234,218,186
"(41, 36, 32)",Dark,151,Female,2,8,41,36,32
"(58, 49, 42)",Dark,152,Male,11,1,58,49,42
"(243, 231, 219)",Light,153,Female,18,3,243,231,219
"(130, 92, 67)",Medium,154,Female,28,21,130,92,67
"(130, 92, 67)",Medium,155,Male,6,25,130,92,67
"(160, 126, 86)",Medium,156,Male,19,23,160,126,86
"(96, 65, 52)",Dark,157,Male,13,8,96,65,52
"(215, 189, 150)",Medium,158,Male,14,10,215,189,150
"(160, 126, 86)",Medium,159,Male,1,9,160,126,86
"(130, 92, 67)",Medium,160,Female,15,6,130,92,67
"(215, 189, 150)",Medium,161,Female,8,11,215,189,150
"(215, 189, 150)",Medium,162,Female,1,4,215,189,150
"(160, 126, 86)",Medium,163,Female,18,16,160,126,86
"(160, 126, 86)",Medium,164,Female,4,19,160,126,86
"(215, 189, 150)",Medium,165,Male,1,25,215,189,150
"(130, 92, 67)",Medium,166,Male,18,13,130,92,67
"(58, 49, 42)",Dark,167,Female,28,5,58,49,42
"(215, 189, 150)",Medium,168,Male,20,3,215,189,150
"(130, 92, 67)",Medium,169,Female,23,16,130,92,67
"(160, 126, 86)",Medium,170,Female,10,4,160,126,86
"(160, 126, 86)",Medium,171,Female,15,9,160,126,86
"(58, 49, 42)",Dark,172,Female,2,14,58,49,42
"(215, 189, 150)",Medium,173,Male,18,19,215,189,150
"(234, 218, 186)",Light,174,Female,10,15,234,218,186
"(234, 218, 186)",Light,175,Male,22,6,234,218,186
"(243, 231, 219)",Light,176,Female,23,21,243,231,219
"(215, 189, 150)",Medium,177,Male,2,10,215,189,150
"(243, 231, 219)",Light,178,Female,23,12,243,231,219
"(215, 189, 150)",Medium,179,Female,12,16,215,189,150
"(247, 134, 208)",Medium,180,Male,4,7,247,134,208
"(160, 126, 86)",Medium,181,Male,6,23,160,126,86
"(247, 134, 208)",Medium,182,Male,7,9,247,134,208
"(215, 189, 150)",Medium,183,Female,23,6,215,189,150
"(247, 134, 208)",Medium,184,Male,2,2,247,134,208
"(160, 126, 86)",Medium,185,Female,8,19,160,126,86
"(243, 231, 219)",Light,186,Female,18,12,243,231,219
"(160, 126, 86)",Medium,187,Male,17,24,160,126,86
"(160, 126, 86)",Medium,188,Male,17,14,160,126,86
"(130, 92, 67)",Medium,189,Female,28,2,130,92,67
"(160, 126, 86)",Medium,190,Female,12,2,160,126,86
"(215, 189, 150)",Medium,191,Male,21,12,215,189,150
"(96, 65, 52)",Dark,192,Male,13,2,96,65,52
"(215, 189, 150)",Medium,193,Male,10,6,215,189,150
"(215, 189, 150)",Medium,194,Male,14,7,215,189,150
"(96, 65, 52)",Dark,195,Male,22,17,96,65,52
"(247, 134, 208)",Medium,196,Female,8,19,247,134,208
"(96, 65, 52)",Dark,197,Female,7,14,96,65,52
"(130, 92, 67)",Medium,198,Male,1,15,130,92,67
"(160, 126, 86)",Medium,199,Female,21,6,160,126,86
"(130, 92, 67)",Medium,200,Female,14,10,130,92,67
"(130, 92, 67)",Medium,201,Male,18,18,130,92,67
"(160, 126, 86)",Medium,202,Male,15,6,160,126,86
"(215, 189, 150)",Medium,203,Female,21,16,215,189,150
"(234, 218, 186)",Light,204,Female,17,10,234,218,186
"(96, 65, 52)",Dark,205,Female,25,3,96,65,52
"(96, 65, 52)",Dark,206,Female,25,22,96,65,52
"(96, 65, 52)",Dark,207,Female,6,22,96,65,52
"(247, 134, 208)",Medium,208,Female,23,17,247,134,208
"(130, 92, 67)",Medium,209,Female,21,6,130,92,67
"(58, 49, 42)",Dark,210,Male,17,5,58,49,42
"(130, 92, 67)",Medium,211,Female,23,13,130,92,67
"(247, 134, 208)",Medium,212,Female,28,11,247,134,208
"(160, 126, 86)",Medium,213,Male,3,26,160,126,86
"(243, 231, 219)",Light,214,Female,7,1,243,231,219
"(96, 65, 52)",Dark,215,Male,16,1,96,65,52
"(160, 126, 86)",Medium,216,Female,28,7,160,126,86
"(130, 92, 67)",Medium,217,Male,3,6,130,92,67
"(160, 126, 86)",Medium,218,Male,1,16,160,126,86
"(130, 92, 67)",Medium,219,Female,3,4,130,92,67
"(215, 189, 150)",Medium,220,Male,19,18,215,189,150
"(130, 92, 67)",Medium,221,Female,14,6,130,92,67
"(247, 134, 208)",Medium,222,Male,23,4,247,134,208
"(160, 126, 86)",Medium,223,Male,6,25,160,126,86
"(234, 218, 186)",Light,224,Male,1,19,234,218,186
"(96, 65, 52)",Dark,225,Male,12,21,96,65,52
"(130, 92, 67)",Medium,226,Female,14,9,130,92,67
"(130, 92, 67)",Medium,227,Female,23,21,130,92,67
"(160, 126, 86)",Medium,228,Female,1,12,160,126,86
"(160, 126, 86)",Medium,229,Female,4,12,160,126,86
"(215, 189, 150)",Medium,230,Female,10,17,215,189,150
"(247, 134, 208)",Medium,231,Female,3,4,247,134,208
"(215, 189, 150)",Medium,232,Female,4,6,215,189,150
"(130, 92, 67)",Medium,233,Male,10,22,130,92,67
"(130, 92, 67)",Medium,234,Female,4,16,130,92,67
"(243, 231, 219)",Light,235,Female,25,5,243,231,219
"(160, 126, 86)",Medium,236,Female,15,13,160,126,86
"(215, 189, 150)",Medium,237,Male,23,25,215,189,150
"(160, 126, 86)",Medium,238,Female,20,9,160,126,86
"(234, 218, 186)",Light,239,Male,21,13,234,218,186
"(160, 126, 86)",Medium,240,Female,12,10,160,126,86
"(58, 49, 42)",Dark,241,Male,9,11,58,49,42
"(130, 92, 67)",Medium,242,Female,10,19,130,92,67
"(160, 126, 86)",Medium,243,Female,14,7,160,126,86
"(58, 49, 42)",Dark,244,Male,17,11,58,49,42
"(160, 126, 86)",Medium,245,Male,21,24,160,126,86
"(130, 92, 67)",Medium,246,Female,4,2,130,92,67
"(215, 189, 150)",Medium,247,Male,21,16,215,189,150
"(160, 126, 86)",Medium,248,Female,12,12,160,126,86
"(58, 49, 42)",Dark,249,Female,13,5,58,49,42
"(96, 65, 52)",Dark,250,Female,17,5,96,65,52
"(58, 49, 42)",Dark,251,Female,17,14,58,49,42
"(130, 92, 67)",Medium,252,Male,2,14,130,92,67
"(215, 189, 150)",Medium,253,Male,2,25,215,189,150
"(130, 92, 67)",Medium,254,Male,4,19,130,92,67
"(130, 92, 67)",Medium,255,Male,2,14,130,92,67
"(96, 65, 52)",Dark,256,Male,13,21,96,65,52
"(215, 189, 150)",Medium,257,Male,6,18,215,189,150
"(243, 231, 219)",Light,258,Female,9,16,243,231,219
"(130, 92, 67)",Medium,259,Female,27,19,130,92,67
"(130, 92, 67)",Medium,260,Female,27,16,130,92,67
"(160, 126, 86)",Medium,261,Male,23,3,160,126,86
"(160, 126, 86)",Medium,262,Male,6,2,160,126,86
"(58, 49, 42)",Dark,263,Female,6,8,58,49,42
"(160, 126, 86)",Medium,264,Male,14,22,160,126,86
"(246, 237, 228)",Light,265,Female,5,22,246,237,228
"(41, 36, 32)",Dark,266,Female,11,22,41,36,32
"(234, 218, 186)",Light,267,Female,10,19,234,218,186
"(160, 126, 86)",Medium,268,Male,2,19,160,126,86
"(160, 126, 86)",Medium,269,Female,3,21,160,126,86
"(215, 189, 150)",Medium,270,Female,21,13,215,189,150
"(243, 231, 219)",Light,271,Female,25,15,243,231,219
"(130, 92, 67)",Medium,272,Female,1,17,130,92,67
"(96, 65, 52)",Dark,273,Female,8,8,96,65,52
"(234, 218, 186)",Light,274,Female,13,22,234,218,186
"(58, 49, 42)",Dark,275,Male,11,1,58,49,42
"(160, 126, 86)",Medium,276,Female,14,11,160,126,86
"(215, 189, 150)",Medium,277,Female,14,16,215,189,150
"(160, 126, 86)",Medium,278,Female,12,4,160,126,86
"(41, 36, 32)",Dark,279,Female,9,3,41,36,32
"(243, 231, 219)",Light,280,Male,14,24,243,231,219
"(160, 126, 86)",Medium,281,Male,18,12,160,126,86
"(58, 49, 42)",Dark,282,Female,16,3,58,49,42
"(160, 126, 86)",Medium,283,Female,23,19,160,126,86
"(160, 126, 86)",Medium,284,Male,17,23,160,126,86
"(160, 126, 86)",Medium,285,Female,3,16,160,126,86
"(58, 49, 42)",Dark,286,Male,4,1,58,49,42
"(160, 126, 86)",Medium,287,Male,1,2,160,126,86
"(160, 126, 86)",Medium,288,Female,14,19,160,126,86
"(160, 126, 86)",Medium,289,Male,7,9,160,126,86
"(215, 189, 150)",Medium,290,Female,3,16,215,189,150
"(243, 231, 219)",Light,291,Male,12,1,243,231,219
"(247, 134, 208)",Medium,292,Female,21,6,247,134,208
"(130, 92, 67)",Medium,293,Female,12,16,130,92,67
"(234, 218, 186)",Light,294,Female,11,3,234,218,186
"(246, 237, 228)",Light,295,Female,18,2,246,237,228
"(247, 134, 208)",Medium,296,Male,2,24,247,134,208
"(215, 189, 150)",Medium,297,Male,23,16,215,189,150
"(160, 126, 86)",Medium,298,Female,8,17,160,126,86
"(243, 231, 219)",Light,299,Male,6,4,243,231,219
"(234, 218, 186)",Light,300,Male,18,26,234,218,186
"(96, 65, 52)",Dark,301,Male,17,8,96,65,52
"(234, 218, 186)",Light,302,Female,22,10,234,218,186
"(215, 189, 150)",Medium,303,Male,17,12,215,189,150
"(247, 134, 208)",Medium,304,Female,18,19,247,134,208
"(215, 189, 150)",Medium,305,Female,20,12,215,189,150
"(160, 126, 86)",Medium,306,Male,7,13,160,126,86
"(247, 134, 208)",Medium,307,Male,18,9,247,134,208
"(234, 218, 186)",Light,308,Female,2,19,234,218,186
"(247, 134, 208)",Medium,309,Male,14,14,247,134,208
"(160, 126, 86)",Medium,310,Male,21,2,160,126,86
"(41, 36, 32)",Dark,311,Male,16,21,41,36,32
"(215, 189, 150)",Medium,312,Female,15,10,215,189,150
"(243, 231, 219)",Light,313,Male,1,5,243,231,219
"(130, 92, 67)",Medium,314,Male,20,22,130,92,67
"(215, 189, 150)",Medium,315,Male,21,18,215,189,150
"(160, 126, 86)",Medium,316,Female,21,9,160,126,86
"(130, 92, 67)",Medium,317,Male,10,16,130,92,67
"(247, 134, 208)",Medium,318,Female,1,21,247,134,208
"(160, 126, 86)",Medium,319,Male,1,10,160,126,86
"(160, 126, 86)",Medium,320,Male,23,7,160,126,86
"(243, 231, 219)",Light,321,Female,15,13,243,231,219
"(160, 126, 86)",Medium,322,Female,20,19,160,126,86
"(243, 231, 219)",Light,323,Male,14,21,243,231,219
"(96, 65, 52)",Dark,324,Female,28,22,96,65,52
"(96, 65, 52)",Dark,325,Male,9,17,96,65,52
"(243, 231, 219)",Light,326,Male,3,16,243,231,219
"(234, 218, 186)",Light,327,Male,13,8,234,218,186
"(160, 126, 86)",Medium,328,Female,8,7,160,126,86
"(160, 126, 86)",Medium,329,Male,3,9,160,126,86
"(130, 92, 67)",Medium,330,Female,12,12,130,92,67
"(247, 134, 208)",Medium,331,Female,27,9,247,134,208
"(160, 126, 86)",Medium,332,Female,14,16,160,126,86
"(96, 65, 52)",Dark,333,Female,21,15,96,65,52
"(58, 49, 42)",Dark,334,Male,8,21,58,49,42
"(247, 134, 208)",Medium,335,Female,8,17,247,134,208
"(243, 231, 219)",Light,336,Female,25,6,243,231,219
"(130, 92, 67)",Medium,337,Female,12,2,130,92,67
"(215, 189, 150)",Medium,338,Male,4,9,215,189,150
"(130, 92, 67)",Medium,339,Male,19,23,130,92,67
"(96, 65, 52)",Dark,340,Female,13,3,96,65,52
"(243, 231, 219)",Light,341,Male,7,22,243,231,219
"(247, 134, 208)",Medium,342,Male,19,7,247,134,208
"(215, 189, 150)",Medium,343,Male,21,2,215,189,150
"(160, 126, 86)",Medium,344,Male,14,7,160,126,86
"(215, 189, 150)",Medium,345,Male,10,4,215,189,150
"(247, 134, 208)",Medium,346,Female,23,4,247,134,208
"(247, 134, 208)",Medium,347,Male,6,15,247,134,208
"(215, 189, 150)",Medium,348,Male,3,7,215,189,150
"(215, 189, 150)",Medium,349,Female,14,7,215,189,150
"(215, 189, 150)",Medium,350,Female,28,12,215,189,150
"(160, 126, 86)",Medium,351,Female,12,19,160,126,86
"(160, 126, 86)",Medium,352,Male,4,13,160,126,86
"(58, 49, 42)",Dark,353,Male,11,5,58,49,42
"(247, 134, 208)",Medium,354,Male,4,9,247,134,208
"(160, 126, 86)",Medium,355,Female,14,4,160,126,86
"(58, 49, 42)",Dark,356,Female,7,3,58,49,42
"(160, 126, 86)",Medium,357,Female,10,19,160,126,86
"(247, 134, 208)",Medium,358,Female,8,20,247,134,208
"(160, 126, 86)",Medium,359,Female,28,6,160,126,86
"(160, 126, 86)",Medium,360,Male,2,4,160,126,86
"(160, 126, 86)",Medium,361,Female,23,9,160,126,86
"(58, 49, 42)",Dark,362,Female,3,8,58,49,42
"(215, 189, 150)",Medium,363,Male,23,15,215,189,150
"(160, 126, 86)",Medium,364,Male,14,4,160,126,86
"(160, 126, 86)",Medium,365,Male,23,15,160,126,86
"(160, 126, 86)",Medium,366,Female,12,21,160,126,86
"(130, 92, 67)",Medium,367,Male,21,26,130,92,67
"(215, 189, 150)",Medium,368,Female,28,21,215,189,150
"(160, 126, 86)",Medium,369,Female,1,21,160,126,86
"(160, 126, 86)",Medium,370,Female,4,9,160,126,86
"(234, 218, 186)",Light,371,Male,21,18,234,218,186
"(160, 126, 86)",Medium,372,Female,20,13,160,126,86
"(130, 92, 67)",Medium,373,Female,3,7,130,92,67
"(215, 189, 150)",Medium,374,Male,14,14,215,189,150
"(160, 126, 86)",Medium,375,Female,4,19,160,126,86
"(160, 126, 86)",Medium,376,Male,6,25,160,126,86
"(96, 65, 52)",Dark,377,Female,24,5,96,65,52
"(96, 65, 52)",Dark,378,Female,7,3,96,65,52
"(160, 126, 86)",Medium,379,Female,28,13,160,126,86
"(215, 189, 150)",Medium,380,Male,19,3,215,189,150
"(215, 189, 150)",Medium,381,Female,8,19,215,189,150
"(58, 49, 42)",Dark,382,Female,26,5,58,49,42
"(234, 218, 186)",Light,383,Female,16,1,234,218,186
"(160, 126, 86)",Medium,384,Female,3,11,160,126,86
"(160, 126, 86)",Medium,385,Female,12,10,160,126,86
"(215, 189, 150)",Medium,386,Male,21,9,215,189,150
"(96, 65, 52)",Dark,387,Female,24,1,96,65,52
"(215, 189, 150)",Medium,388,Female,14,4,215,189,150
"(96, 65, 52)",Dark,389,Male,17,20,96,65,52
"(160, 126, 86)",Medium,390,Female,27,11,160,126,86
"(130, 92, 67)",Medium,391,Female,1,7,130,92,67
"(215, 189, 150)",Medium,392,Female,27,11,215,189,150
"(160, 126, 86)",Medium,393,Female,3,20,160,126,86
"(160, 126, 86)",Medium,394,Female,20,10,160,126,86
"(215, 189, 150)",Medium,395,Male,23,25,215,189,150
"(130, 92, 67)",Medium,396,Female,20,13,130,92,67
"(96, 65, 52)",Dark,397,Female,22,1,96,65,52
"(130, 92, 67)",Medium,398,Male,23,13,130,92,67
"(247, 134, 208)",Medium,399,Male,7,18,247,134,208
"(160, 126, 86)",Medium,400,Female,27,16,160,126,86
"(160, 126, 86)",Medium,401,Male,19,3,160,126,86
"(247, 134, 208)",Medium,402,Female,8,7,247,134,208
"(243, 231, 219)",Light,403,Female,16,9,243,231,219
"(246, 237, 228)",Light,404,Female,1,18,246,237,228
"(160, 126, 86)",Medium,405,Female,18,2,160,126,86
"(160, 126, 86)",Medium,406,Male,2,26,160,126,86
"(130, 92, 67)",Medium,407,Male,23,16,130,92,67
"(243, 231, 219)",Light,408,Male,1,15,243,231,219
"(160, 126, 86)",Medium,409,Male,7,7,160,126,86
"(160, 126, 86)",Medium,410,Female,1,12,160,126,86
"(160, 126, 86)",Medium,411,Female,10,9,160,126,86
"(160, 126, 86)",Medium,412,Female,4,6,160,126,86
"(247, 134, 208)",Medium,413,Female,23,6,247,134,208
"(247, 134, 208)",Medium,414,Male,14,26,247,134,208
"(160, 126, 86)",Medium,415,Male,10,22,160,126,86
"(215, 189, 150)",Medium,416,Female,4,6,215,189,150
"(96, 65, 52)",Dark,417,Female,26,3,96,65,52
"(215, 189, 150)",Medium,418,Male,7,10,215,189,150
"(130, 92, 67)",Medium,419,Male,6,25,130,92,67
"(234, 218, 186)",Light,420,Female,19,15,234,218,186
"(246, 237, 228)",Light,421,Female,2,12,246,237,228
"(160, 126, 86)",Medium,422,Female,14,7,160,126,86
"(160, 126, 86)",Medium,423,Female,20,20,160,126,86
"(215, 189, 150)",Medium,424,Female,15,21,215,189,150
"(215, 189, 150)",Medium,425,Male,3,18,215,189,150
"(160, 126, 86)",Medium,426,Female,18,7,160,126,86
"(160, 126, 86)",Medium,427,Female,18,2,160,126,86
"(247, 134, 208)",Medium,428,Male,10,18,247,134,208
"(215, 189, 150)",Medium,429,Female,15,10,215,189,150
"(243, 231, 219)",Light,430,Female,2,18,243,231,219
"(130, 92, 67)",Medium,431,Female,1,7,130,92,67
"(247, 134, 208)",Medium,432,Male,4,26,247,134,208
"(160, 126, 86)",Medium,433,Male,1,14,160,126,86
"(234, 218, 186)",Light,434,Female,7,19,234,218,186
"(96, 65, 52)",Dark,435,Male,12,8,96,65,52
"(96, 65, 52)",Dark,436,Female,26,14,96,65,52
"(234, 218, 186)",Light,437,Male,23,12,234,218,186
"(160, 126, 86)",Medium,438,Male,10,23,160,126,86
"(96, 65, 52)",Dark,439,Female,16,8,96,65,52
"(160, 126, 86)",Medium,440,Female,27,6,160,126,86
"(160, 126, 86)",Medium,441,Male,21,19,160,126,86
"(160, 126, 86)",Medium,442,Female,23,17,160,126,86
"(160, 126, 86)",Medium,443,Male,20,14,160,126,86
"(96, 65, 52)",Dark,444,Female,5,15,96,65,52
"(247, 134, 208)",Medium,445,Female,15,17,247,134,208
"(215, 189, 150)",Medium,446,Female,27,11,215,189,150
"(215, 189, 150)",Medium,447,Female,4,2,215,189,150
"(247, 134, 208)",Medium,448,Female,10,17,247,134,208
"(96, 65, 52)",Dark,449,Female,26,14,96,65,52
"(247, 134, 208)",Medium,450,Female,15,20,247,134,208
"(58, 49, 42)",Dark,451,Male,17,1,58,49,42
"(215, 189, 150)",Medium,452,Female,27,17,215,189,150
"(160, 126, 86)",Medium,453,Male,3,15,160,126,86
"(215, 189, 150)",Medium,454,Female,10,11,215,189,150
"(247, 134, 208)",Medium,455,Male,18,9,247,134,208
"(160, 126, 86)",Medium,456,Male,2,2,160,126,86
"(160, 126, 86)",Medium,457,Female,3,7,160,126,86
"(234, 218, 186)",Light,458,Female,24,19,234,218,186
"(247, 134, 208)",Medium,459,Female,28,10,247,134,208
"(160, 126, 86)",Medium,460,Female,14,17,160,126,86
"(160, 126, 86)",Medium,461,Female,10,13,160,126,86
"(96, 65, 52)",Dark,462,Male,13,17,96,65,52
"(215, 189, 150)",Medium,463,Male,1,3,215,189,150
"(160, 126, 86)",Medium,464,Male,3,6,160,126,86
"(160, 126, 86)",Medium,465,Male,10,12,160,126,86
"(246, 237, 228)",Light,466,Female,15,2,246,237,228
"(215, 189, 150)",Medium,467,Female,3,17,215,189,150
"(243, 231, 219)",Light,468,Female,27,9,243,231,219
"(215, 189, 150)",Medium,469,Male,23,16,215,189,150
"(247, 134, 208)",Medium,470,Female,3,11,247,134,208
"(160, 126, 86)",Medium,471,Male,15,12,160,126,86
"(58, 49, 42)",Dark,472,Female,28,8,58,49,42
"(160, 126, 86)",Medium,473,Female,8,6,160,126,86
"(96, 65, 52)",Dark,474,Male,4,2,96,65,52
"(215, 189, 150)",Medium,475,Male,7,9,215,189,150
"(234, 218, 186)",Light,476,Male,3,25,234,218,186
"(247, 134, 208)",Medium,477,Female,3,4,247,134,208
"(160, 126, 86)",Medium,478,Male,4,24,160,126,86
"(160, 126, 86)",Medium,479,Male,6,26,160,126,86
"(247, 134, 208)",Medium,480,Male,1,25,247,134,208
"(58, 49, 42)",Dark,481,Female,8,8,58,49,42
"(160, 126, 86)",Medium,482,Male,15,13,160,126,86
"(130, 92, 67)",Medium,483,Male,10,2,130,92,67
"(160, 126, 86)",Medium,484,Female,23,13,160,126,86
"(215, 189, 150)",Medium,485,Male,2,2,215,189,150
"(96, 65, 52)",Dark,486,Male,4,20,96,65,52
"(215, 189, 150)",Medium,487,Male,19,26,215,189,150
"(96, 65, 52)",Dark,488,Male,8,1,96,65,52
"(215, 189, 150)",Medium,489,Female,1,19,215,189,150
"(96, 65, 52)",Dark,490,Female,25,14,96,65,52
"(243, 231, 219)",Light,491,Female,1,12,243,231,219
"(130, 92, 67)",Medium,492,Female,10,16,130,92,67
"(160, 126, 86)",Medium,493,Male,21,3,160,126,86
"(130, 92, 67)",Medium,494,Male,23,2,130,92,67
"(160, 126, 86)",Medium,495,Male,15,22,160,126,86
"(247, 134, 208)",Medium,496,Male,15,4,247,134,208
"(215, 189, 150)",Medium,497,Male,5,23,215,189,150
"(130, 92, 67)",Medium,498,Female,15,16,130,92,67
"(160, 126, 86)",Medium,499,Male,6,12,160,126,86
"(130, 92, 67)",Medium,500,Male,5,18,130,92,67
"(130, 92, 67)",Medium,501,Female,14,7,130,92,67
"(160, 126, 86)",Medium,502,Female,21,12,160,126,86
"(215, 189, 150)",Medium,503,Female,23,20,215,189,150
"(215, 189, 150)",Medium,504,Female,14,16,215,189,150
"(130, 92, 67)",Medium,505,Male,21,25,130,92,67
"(234, 218, 186)",Light,506,Female,10,15,234,218,186
"(160, 126, 86)",Medium,507,Male,6,14,160,126,86
"(130, 92, 67)",Medium,508,Female,12,2,130,92,67
"(243, 231, 219)",Light,509,Male,22,20,243,231,219
"(160, 126, 86)",Medium,510,Female,20,9,160,126,86
"(215, 189, 150)",Medium,511,Male,14,14,215,189,150
"(247, 134, 208)",Medium,512,Male,21,10,247,134,208
"(41, 36, 32)",Dark,513,Male,12,5,41,36,32
"(130, 92, 67)",Medium,514,Male,10,26,130,92,67
"(130, 92, 67)",Medium,515,Male,19,4,130,92,67
"(246, 237, 228)",Light,516,Female,17,22,246,237,228
"(247, 134, 208)",Medium,517,Female,23,10,247,134,208
"(215, 189, 150)",Medium,518,Female,28,13,215,189,150
"(160, 126, 86)",Medium,519,Male,4,15,160,126,86
"(215, 189, 150)",Medium,520,Male,19,16,215,189,150
"(96, 65, 52)",Dark,521,Female,26,15,96,65,52
"(215, 189, 150)",Medium,522,Female,20,11,215,189,150
"(58, 49, 42)",Dark,523,Female,24,14,58,49,42
"(160, 126, 86)",Medium,524,Male,7,6,160,126,86
"(160, 126, 86)",Medium,525,Male,4,7,160,126,86
"(160, 126, 86)",Medium,526,Female,14,11,160,126,86
"(247, 134, 208)",Medium,527,Female,12,9,247,134,208
"(243, 231, 219)",Light,528,Male,5,17,243,231,219
"(247, 134, 208)",Medium,529,Male,15,23,247,134,208
"(160, 126, 86)",Medium,530,Female,20,2,160,126,86
"(58, 49, 42)",Dark,531,Male,12,11,58,49,42
"(215, 189, 150)",Medium,532,Female,12,10,215,189,150
"(215, 189, 150)",Medium,533,Female,1,10,215,189,150
"(247, 134, 208)",Medium,534,Male,6,7,247,134,208
"(160, 126, 86)",Medium,535,Male,2,19,160,126,86
"(160, 126, 86)",Medium,536,Male,18,26,160,126,86
"(215, 189, 150)",Medium,537,Male,14,15,215,189,150
"(130, 92, 67)",Medium,538,Male,15,2,130,92,67
"(247, 134, 208)",Medium,539,Female,21,13,247,134,208
"(215, 189, 150)",Medium,540,Female,8,2,215,189,150
"(247, 134, 208)",Medium,541,Male,1,22,247,134,208
"(243, 231, 219)",Light,542,Female,10,8,243,231,219
"(58, 49, 42)",Dark,543,Male,13,2,58,49,42
"(130, 92, 67)",Medium,544,Female,12,21,130,92,67
"(243, 231, 219)",Light,545,Male,13,12,243,231,219
"(234, 218, 186)",Light,546,Male,8,21,234,218,186
"(160, 126, 86)",Medium,547,Male,20,7,160,126,86
"(247, 134, 208)",Medium,548,Male,1,7,247,134,208
"(160, 126, 86)",Medium,549,Male,18,2,160,126,86
"(160, 126, 86)",Medium,550,Female,23,21,160,126,86
"(247, 134, 208)",Medium,551,Female,10,13,247,134,208
"(96, 65, 52)",Dark,552,Female,9,18,96,65,52
"(96, 65, 52)",Dark,553,Male,17,11,96,65,52
"(160, 126, 86)",Medium,554,Male,15,26,160,126,86
"(247, 134, 208)",Medium,555,Female,12,6,247,134,208
"(58, 49, 42)",Dark,556,Male,16,2,58,49,42
"(130, 92, 67)",Medium,557,Female,14,7,130,92,67
"(160, 126, 86)",Medium,558,Female,15,6,160,126,86
"(215, 189, 150)",Medium,559,Female,4,11,215,189,150
"(215, 189, 150)",Medium,560,Female,23,10,215,189,150
"(215, 189, 150)",Medium,561,Female,28,4,215,189,150
"(160, 126, 86)",Medium,562,Female,8,13,160,126,86
"(130, 92, 67)",Medium,563,Female,15,12,130,92,67
"(96, 65, 52)",Dark,564,Female,11,14,96,65,52
"(130, 92, 67)",Medium,565,Male,1,2,130,92,67
"(215, 189, 150)",Medium,566,Female,20,13,215,189,150
"(234, 218, 186)",Light,567,Female,4,18,234,218,186
"(243, 231, 219)",Light,568,Female,16,19,243,231,219
"(234, 218, 186)",Light,569,Male,19,15,234,218,186
"(130, 92, 67)",Medium,570,Male,18,18,130,92,67
"(160, 126, 86)",Medium,571,Male,3,14,160,126,86
"(234, 218, 186)",Light,572,Male,3,23,234,218,186
"(160, 126, 86)",Medium,573,Female,23,19,160,126,86
"(96, 65, 52)",Dark,574,Female,17,14,96,65,52
"(215, 189, 150)",Medium,575,Male,4,14,215,189,150
"(160, 126, 86)",Medium,576,Female,14,13,160,126,86
"(130, 92, 67)",Medium,577,Male,15,16,130,92,67
"(215, 189, 150)",Medium,578,Male,14,7,215,189,150
"(130, 92, 67)",Medium,579,Male,17,22,130,92,67
"(41, 36, 32)",Dark,580,Female,13,14,41,36,32
"(247, 134, 208)",Medium,581,Male,18,15,247,134,208
"(243, 231, 219)",Light,582,Female,9,17,243,231,219
"(96, 65, 52)",Dark,583,Male,12,21,96,65,52
"(160, 126, 86)",Medium,584,Female,15,20,160,126,86
"(96, 65, 52)",Dark,585,Female,22,3,96,65,52
"(58, 49, 42)",Dark,586,Female,9,14,58,49,42
"(243, 231, 219)",Light,587,Female,23,9,243,231,219
"(247, 134, 208)",Medium,588,Male,4,18,247,134,208
"(96, 65, 52)",Dark,589,Male,12,5,96,65,52
"(215, 189, 150)",Medium,590,Male,15,7,215,189,150
"(215, 189, 150)",Medium,591,Female,15,19,215,189,150
"(130, 92, 67)",Medium,592,Female,28,17,130,92,67
"(247, 134, 208)",Medium,593,Male,23,2,247,134,208
"(58, 49, 42)",Dark,594,Male,11,1,58,49,42
"(247, 134, 208)",Medium,595,Male,10,16,247,134,208
"(247, 134, 208)",Medium,596,Male,1,4,247,134,208
"(130, 92, 67)",Medium,597,Female,4,21,130,92,67
"(130, 92, 67)",Medium,598,Female,27,7,130,92,67
"(234, 218, 186)",Light,599,Male,21,15,234,218,186
"(247, 134, 208)",Medium,600,Female,28,21,247,134,208
"(243, 231, 219)",Light,601,Female,4,10,243,231,219
"(130, 92, 67)",Medium,602,Male,17,23,130,92,67
"(215, 189, 150)",Medium,603,Female,27,12,215,189,150
"(215, 189, 150)",Medium,604,Male,3,13,215,189,150
"(58, 49, 42)",Dark,605,Female,9,8,58,49,42
"(130, 92, 67)",Medium,606,Female,28,17,130,92,67
"(234, 218, 186)",Light,607,Female,18,21,234,218,186
"(215, 189, 150)",Medium,608,Male,7,13,215,189,150
"(160, 126, 86)",Medium,609,Female,20,7,160,126,86
"(130, 92, 67)",Medium,610,Male,7,25,130,92,67
"(215, 189, 150)",Medium,611,Female,21,7,215,189,150
"(215, 189, 150)",Medium,612,Male,17,24,215,189,150
"(247, 134, 208)",Medium,613,Male,21,18,247,134,208
"(130, 92, 67)",Medium,614,Female,20,17,130,92,67
"(96, 65, 52)",Dark,615,Male,22,21,96,65,52
"(243, 231, 219)",Light,616,Male,23,17,243,231,219
"(160, 126, 86)",Medium,617,Female,20,13,160,126,86
"(215, 189, 150)",Medium,618,Male,1,19,215,189,150
"(58, 49, 42)",Dark,619,Female,5,3,58,49,42
"(243, 231, 219)",Light,620,Male,10,6,243,231,219
"(96, 65, 52)",Dark,621,Female,7,14,96,65,52
"(130, 92, 67)",Medium,622,Male,17,13,130,92,67
"(215, 189, 150)",Medium,623,Female,4,10,215,189,150
"(130, 92, 67)",Medium,624,Female,8,16,130,92,67
"(247, 134, 208)",Medium,625,Male,3,19,247,134,208
"(96, 65, 52)",Dark,626,Male,8,2,96,65,52
"(246, 237, 228)",Light,627,Male,18,26,246,237,228
"(160, 126, 86)",Medium,628,Male,23,15,160,126,86
"(215, 189, 150)",Medium,629,Female,12,7,215,189,150
"(160, 126, 86)",Medium,630,Female,4,4,160,126,86
"(58, 49, 42)",Dark,631,Male,16,5,58,49,42
"(243, 231, 219)",Light,632,Female,6,15,243,231,219
"(243, 231, 219)",Light,633,Male,22,19,243,231,219
"(58, 49, 42)",Dark,634,Male,8,11,58,49,42
"(160, 126, 86)",Medium,635,Male,4,18,160,126,86
"(96, 65, 52)",Dark,636,Female,7,1,96,65,52
"(234, 218, 186)",Light,637,Male,2,16,234,218,186
"(160, 126, 86)",Medium,638,Male,20,25,160,126,86
"(247, 134, 208)",Medium,639,Female,14,16,247,134,208
"(234, 218, 186)",Light,640,Male,20,14,234,218,186
"(160, 126, 86)",Medium,641,Female,10,4,160,126,86
"(96, 65, 52)",Dark,642,Male,15,17,96,65,52
"(247, 134, 208)",Medium,643,Female,27,11,247,134,208
"(234, 218, 186)",Light,644,Female,25,22,234,218,186
"(215, 189, 150)",Medium,645,Male,21,3,215,189,150
"(160, 126, 86)",Medium,646,Female,20,19,160,126,86
"(160, 126, 86)",Medium,647,Female,27,20,160,126,86
"(58, 49, 42)",Dark,648,Female,7,15,58,49,42
"(160, 126, 86)",Medium,649,Male,3,14,160,126,86
"(234, 218, 186)",Light,650,Female,7,9,234,218,186
"(215, 189, 150)",Medium,651,Male,21,23,215,189,150
"(247, 134, 208)",Medium,652,Male,3,4,247,134,208
"(160, 126, 86)",Medium,653,Female,18,11,160,126,86
"(160, 126, 86)",Medium,654,Female,12,12,160,126,86
"(96, 65, 52)",Dark,655,Male,22,11,96,65,52
"(130, 92, 67)",Medium,656,Male,17,7,130,92,67
"(96, 65, 52)",Dark,657,Female,7,1,96,65,52
"(234, 218, 186)",Light,658,Female,10,10,234,218,186
"(215, 189, 150)",Medium,659,Male,6,14,215,189,150
"(130, 92, 67)",Medium,660,Female,10,10,130,92,67
"(243, 231, 219)",Light,661,Female,13,13,243,231,219
"(160, 126, 86)",Medium,662,Male,21,19,160,126,86
"(246, 237, 228)",Light,663,Female,20,1,246,237,228
"(160, 126, 86)",Medium,664,Female,10,7,160,126,86
"(247, 134, 208)",Medium,665,Female,3,16,247,134,208
"(215, 189, 150)",Medium,666,Male,15,13,215,189,150
"(234, 218, 186)",Light,667,Female,13,16,234,218,186
"(160, 126, 86)",Medium,668,Male,23,6,160,126,86
"(130, 92, 67)",Medium,669,Male,1,14,130,92,67
"(160, 126, 86)",Medium,670,Male,4,25,160,126,86
"(247, 134, 208)",Medium,671,Female,20,16,247,134,208
"(215, 189, 150)",Medium,672,Female,23,12,215,189,150
"(247, 134, 208)",Medium,673,Female,3,10,247,134,208
"(243, 231, 219)",Light,674,Female,24,18,243,231,219
"(215, 189, 150)",Medium,675,Female,1,21,215,189,150
"(160, 126, 86)",Medium,676,Female,1,16,160,126,86
"(96, 65, 52)",Dark,677,Male,8,21,96,65,52
"(160, 126, 86)",Medium,678,Male,20,15,160,126,86
"(160, 126, 86)",Medium,679,Female,18,12,160,126,86
"(234, 218, 186)",Light,680,Female,1,15,234,218,186
"(160, 126, 86)",Medium,681,Female,4,10,160,126,86
"(160, 126, 86)",Medium,682,Male,5,13,160,126,86
"(58, 49, 42)",Dark,683,Female,13,3,58,49,42
"(215, 189, 150)",Medium,684,Female,8,13,215,189,150
"(243, 231, 219)",Light,685,Female,26,17,243,231,219
"(160, 126, 86)",Medium,686,Female,27,12,160,126,86
"(215, 189, 150)",Medium,687,Male,7,15,215,189,150
"(130, 92, 67)",Medium,688,Female,20,21,130,92,67
"(215, 189, 150)",Medium,689,Male,10,12,215,189,150
"(215, 189, 150)",Medium,690,Female,4,17,215,189,150
"(215, 189, 150)",Medium,691,Female,20,19,215,189,150
"(96, 65, 52)",Dark,692,Male,17,20,96,65,52
"(130, 92, 67)",Medium,693,Female,21,10,130,92,67
"(130, 92, 67)",Medium,694,Female,20,16,130,92,67
"(130, 92, 67)",Medium,695,Male,10,6,130,92,67
"(215, 189, 150)",Medium,696,Male,18,22,215,189,150
"(234, 218, 186)",Light,697,Male,8,23,234,218,186
"(160, 126, 86)",Medium,698,Female,21,19,160,126,86
"(160, 126, 86)",Medium,699,Female,14,19,160,126,86
"(234, 218, 186)",Light,700,Male,8,23,234,218,186
"(215, 189, 150)",Medium,701,Female,21,9,215,189,150
"(58, 49, 42)",Dark,702,Male,12,1,58,49,42
"(215, 189, 150)",Medium,703,Female,14,20,215,189,150
"(234, 218, 186)",Light,704,Female,5,16,234,218,186
"(58, 49, 42)",Dark,705,Male,22,2,58,49,42
"(215, 189, 150)",Medium,706,Female,1,16,215,189,150
"(58, 49, 42)",Dark,707,Male,17,1,58,49,42
"(160, 126, 86)",Medium,708,Male,23,19,160,126,86
"(130, 92, 67)",Medium,709,Female,4,13,130,92,67
"(234, 218, 186)",Light,710,Male,12,19,234,218,186
"(215, 189, 150)",Medium,711,Male,14,15,215,189,150
"(215, 189, 150)",Medium,712,Male,23,7,215,189,150
"(160, 126, 86)",Medium,713,Female,18,11,160,126,86
"(160, 126, 86)",Medium,714,Female,15,7,160,126,86
"(247, 134, 208)",Medium,715,Female,8,9,247,134,208
"(58, 49, 42)",Dark,716,Female,13,5,58,49,42
"(160, 126, 86)",Medium,717,Female,28,10,160,126,86
"(96, 65, 52)",Dark,718,Male,4,8,96,65,52
"(243, 231, 219)",Light,719,Male,12,6,243,231,219
"(243, 231, 219)",Light,720,Female,2,16,243,231,219
"(96, 65, 52)",Dark,721,Female,22,14,96,65,52
"(96, 65, 52)",Dark,722,Male,9,21,96,65,52
"(215, 189, 150)",Medium,723,Male,10,12,215,189,150
"(160, 126, 86)",Medium,724,Female,12,6,160,126,86
"(96, 65, 52)",Dark,725,Female,25,18,96,65,52
"(96, 65, 52)",Dark,726,Female,21,3,96,65,52
"(96, 65, 52)",Dark,727,Male,9,5,96,65,52
"(243, 231, 219)",Light,728,Female,25,18,243,231,219
"(130, 92, 67)",Medium,729,Female,18,12,130,92,67
"(130, 92, 67)",Medium,730,Female,27,9,130,92,67
"(243, 231, 219)",Light,731,Male,11,5,243,231,219
"(160, 126, 86)",Medium,732,Female,12,10,160,126,86
"(234, 218, 186)",Light,733,Female,14,14,234,218,186
"(130, 92, 67)",Medium,734,Female,23,10,130,92,67
"(160, 126, 86)",Medium,735,Male,14,22,160,126,86
"(160, 126, 86)",Medium,736,Male,6,15,160,126,86
"(96, 65, 52)",Dark,737,Male,15,20,96,65,52
"(234, 218, 186)",Light,738,Male,1,15,234,218,186
"(215, 189, 150)",Medium,739,Male,10,2,215,189,150
"(247, 134, 208)",Medium,740,Male,15,3,247,134,208
"(130, 92, 67)",Medium,741,Male,15,14,130,92,67
"(160, 126, 86)",Medium,742,Female,15,4,160,126,86
"(96, 65, 52)",Dark,743,Male,17,11,96,65,52
"(234, 218, 186)",Light,744,Female,24,4,234,218,186
"(234, 218, 186)",Light,745,Male,16,19,234,218,186
"(243, 231, 219)",Light,746,Male,1,18,243,231,219
"(234, 218, 186)",Light,747,Male,19,25,234,218,186
"(96, 65, 52)",Dark,748,Female,22,3,96,65,52
"(247, 134, 208)",Medium,749,Female,28,12,247,134,208
"(130, 92, 67)",Medium,750,Male,3,12,130,92,67
"(243, 231, 219)",Light,751,Male,12,26,243,231,219
"(247, 134, 208)",Medium,752,Female,1,2,247,134,208
"(234, 218, 186)",Light,753,Male,18,19,234,218,186
"(247, 134, 208)",Medium,754,Female,4,20,247,134,208
"(215, 189, 150)",Medium,755,Male,2,12,215,189,150
"(247, 134, 208)",Medium,756,Male,15,23,247,134,208
"(160, 126, 86)",Medium,757,Female,27,16,160,126,86
"(160, 126, 86)",Medium,758,Male,1,7,160,126,86
"(130, 92, 67)",Medium,759,Male,21,7,130,92,67
"(160, 126, 86)",Medium,760,Female,4,2,160,126,86
"(130, 92, 67)",Medium,761,Female,18,4,130,92,67
"(58, 49, 42)",Dark,762,Female,26,15,58,49,42
"(247, 134, 208)",Medium,763,Female,8,19,247,134,208
"(130, 92, 67)",Medium,764,Female,15,2,130,92,67
"(96, 65, 52)",Dark,765,Female,26,1,96,65,52
"(247, 134, 208)",Medium,766,Male,15,13,247,134,208
"(160, 126, 86)",Medium,767,Male,1,2,160,126,86
"(215, 189, 150)",Medium,768,Male,7,6,215,189,150
"(160, 126, 86)",Medium,769,Male,4,19,160,126,86
"(247, 134, 208)",Medium,770,Male,20,4,247,134,208
"(247, 134, 208)",Medium,771,Male,20,23,247,134,208
"(247, 134, 208)",Medium,772,Male,21,9,247,134,208
"(160, 126, 86)",Medium,773,Female,21,17,160,126,86
"(96, 65, 52)",Dark,774,Female,16,14,96,65,52
"(130, 92, 67)",Medium,775,Female,4,7,130,92,67
"(96, 65, 52)",Dark,776,Female,16,15,96,65,52
"(243, 231, 219)",Light,777,Male,13,22,243,231,219
"(215, 189, 150)",Medium,778,Male,20,15,215,189,150
"(215, 189, 150)",Medium,779,Female,3,12,215,189,150
"(160, 126, 86)",Medium,780,Female,20,12,160,126,86
"(160, 126, 86)",Medium,781,Male,6,25,160,126,86
"(160, 126, 86)",Medium,782,Male,6,14,160,126,86
"(234, 218, 186)",Light,783,Male,13,19,234,218,186
"(243, 231, 219)",Light,784,Male,23,19,243,231,219
"(247, 134, 208)",Medium,785,Male,6,16,247,134,208
"(243, 231, 219)",Light,786,Female,20,8,243,231,219
"(130, 92, 67)",Medium,787,Female,3,6,130,92,67
"(243, 231, 219)",Light,788,Male,18,1,243,231,219
"(96, 65, 52)",Dark,789,Male,13,8,96,65,52
"(96, 65, 52)",Dark,790,Female,6,18,96,65,52
"(215, 189, 150)",Medium,791,Male,10,26,215,189,150
"(130, 92, 67)",Medium,792,Male,21,24,130,92,67
"(234, 218, 186)",Light,793,Male,22,24,234,218,186
"(130, 92, 67)",Medium,794,Female,21,21,130,92,67
"(160, 126, 86)",Medium,795,Female,4,13,160,126,86
"(160, 126, 86)",Medium,796,Female,23,10,160,126,86
"(215, 189, 150)",Medium,797,Male,15,26,215,189,150
"(58, 49, 42)",Dark,798,Female,3,1,58,49,42
"(130, 92, 67)",Medium,799,Female,14,12,130,92,67
"(247, 134, 208)",Medium,800,Female,15,2,247,134,208
"(247, 134, 208)",Medium,801,Male,7,12,247,134,208
"(130, 92, 67)",Medium,802,Male,23,2,130,92,67
"(96, 65, 52)",Dark,803,Female,26,18,96,65,52
"(215, 189, 150)",Medium,804,Female,10,13,215,189,150
"(160, 126, 86)",Medium,805,Male,6,15,160,126,86
"(160, 126, 86)",Medium,806,Male,10,22,160,126,86
"(58, 49, 42)",Dark,807,Female,11,15,58,49,42
"(58, 49, 42)",Dark,808,Female,25,15,58,49,42
"(234, 218, 186)",Light,809,Male,8,17,234,218,186
"(215, 189, 150)",Medium,810,Female,4,20,215,189,150
"(130, 92, 67)",Medium,811,Female,23,9,130,92,67
"(234, 218, 186)",Light,812,Female,23,20,234,218,186
"(247, 134, 208)",Medium,813,Female,14,4,247,134,208
"(215, 189, 150)",Medium,814,Female,14,4,215,189,150
"(215, 189, 150)",Medium,815,Male,20,26,215,189,150
"(215, 189, 150)",Medium,816,Female,8,7,215,189,150
"(160, 126, 86)",Medium,817,Male,21,7,160,126,86
"(215, 189, 150)",Medium,818,Male,10,14,215,189,150
"(96, 65, 52)",Dark,819,Female,8,8,96,65,52
"(215, 189, 150)",Medium,820,Male,20,18,215,189,150
"(160, 126, 86)",Medium,821,Male,15,3,160,126,86
"(96, 65, 52)",Dark,822,Male,16,5,96,65,52
"(160, 126, 86)",Medium,823,Female,20,11,160,126,86
"(130, 92, 67)",Medium,824,Female,23,21,130,92,67
"(58, 49, 42)",Dark,825,Female,9,1,58,49,42
"(130, 92, 67)",Medium,826,Female,28,9,130,92,67
"(160, 126, 86)",Medium,827,Male,19,3,160,126,86
"(160, 126, 86)",Medium,828,Female,28,16,160,126,86
"(41, 36, 32)",Dark,829,Female,17,1,41,36,32
"(160, 126, 86)",Medium,830,Male,4,25,160,126,86
"(247, 134, 208)",Medium,831,Female,23,13,247,134,208
"(247, 134, 208)",Medium,832,Male,21,2,247,134,208
"(215, 189, 150)",Medium,833,Male,20,2,215,189,150
"(130, 92, 67)",Medium,834,Female,23,11,130,92,67
"(41, 36, 32)",Dark,835,Male,15,1,41,36,32
"(160, 126, 86)",Medium,836,Female,20,9,160,126,86
"(58, 49, 42)",Dark,837,Female,8,15,58,49,42
"(243, 231, 219)",Light,838,Male,21,7,243,231,219
"(247, 134, 208)",Medium,839,Female,14,6,247,134,208
"(160, 126, 86)",Medium,840,Female,10,16,160,126,86
"(160, 126, 86)",Medium,841,Female,23,2,160,126,86
"(160, 126, 86)",Medium,842,Female,28,19,160,126,86
"(160, 126, 86)",Medium,843,Male,14,14,160,126,86
"(215, 189, 150)",Medium,844,Female,12,2,215,189,150
"(160, 126, 86)",Medium,845,Male,19,3,160,126,86
"(160, 126, 86)",Medium,846,Male,10,6,160,126,86
"(160, 126, 86)",Medium,847,Male,17,26,160,126,86
"(58, 49, 42)",Dark,848,Male,11,2,58,49,42
"(234, 218, 186)",Light,849,Male,18,11,234,218,186
"(247, 134, 208)",Medium,850,Male,18,14,247,134,208
"(234, 218, 186)",Light,851,Female,4,1,234,218,186
"(58, 49, 42)",Dark,852,Male,16,21,58,49,42
"(130, 92, 67)",Medium,853,Female,10,6,130,92,67
"(234, 218, 186)",Light,854,Female,24,18,234,218,186
"(160, 126, 86)",Medium,855,Male,5,7,160,126,86
"(130, 92, 67)",Medium,856,Male,20,6,130,92,67
"(96, 65, 52)",Dark,857,Male,8,2,96,65,52
"(160, 126, 86)",Medium,858,Male,15,6,160,126,86
"(160, 126, 86)",Medium,859,Male,10,16,160,126,86
"(160, 126, 86)",Medium,860,Male,6,2,160,126,86
"(96, 65, 52)",Dark,861,Female,21,22,96,65,52
"(160, 126, 86)",Medium,862,Female,12,13,160,126,86
"(130, 92, 67)",Medium,863,Female,14,21,130,92,67
"(243, 231, 219)",Light,864,Male,2,10,243,231,219
"(215, 189, 150)",Medium,865,Female,8,10,215,189,150
"(130, 92, 67)",Medium,866,Male,17,22,130,92,67
"(215, 189, 150)",Medium,867,Male,19,2,215,189,150
"(234, 218, 186)",Light,868,Male,6,13,234,218,186
"(130, 92, 67)",Medium,869,Female,18,12,130,92,67
"(246, 237, 228)",Light,870,Female,25,1,246,237,228
"(215, 189, 150)",Medium,871,Female,8,20,215,189,150
"(243, 231, 219)",Light,872,Male,11,17,243,231,219
"(160, 126, 86)",Medium,873,Female,4,13,160,126,86
"(160, 126, 86)",Medium,874,Female,21,16,160,126,86
"(160, 126, 86)",Medium,875,Male,7,6,160,126,86
"(96, 65, 52)",Dark,876,Female,9,8,96,65,52
"(58, 49, 42)",Dark,877,Female,6,14,58,49,42
"(130, 92, 67)",Medium,878,Male,17,12,130,92,67
"(160, 126, 86)",Medium,879,Male,6,2,160,126,86
"(58, 49, 42)",Dark,880,Female,6,18,58,49,42
"(215, 189, 150)",Medium,881,Male,17,19,215,189,150
"(234, 218, 186)",Light,882,Male,11,16,234,218,186
"(160, 126, 86)",Medium,883,Male,6,14,160,126,86
"(58, 49, 42)",Dark,884,Male,8,21,58,49,42
"(160, 126, 86)",Medium,885,Female,1,21,160,126,86
"(243, 231, 219)",Light,886,Female,6,7,243,231,219
"(215, 189, 150)",Medium,887,Female,23,20,215,189,150
"(247, 134, 208)",Medium,888,Male,6,13,247,134,208
"(130, 92, 67)",Medium,889,Male,2,3,130,92,67
"(243, 231, 219)",Light,890,Male,3,4,243,231,219
"(41, 36, 32)",Dark,891,Male,16,11,41,36,32
"(215, 189, 150)",Medium,892,Male,23,10,215,189,150
"(215, 189, 150)",Medium,893,Male,4,10,215,189,150
"(58, 49, 42)",Dark,894,Female,3,8,58,49,42
"(130, 92, 67)",Medium,895,Female,4,11,130,92,67
"(215, 189, 150)",Medium,896,Female,28,13,215,189,150
"(160, 126, 86)",Medium,897,Male,7,3,160,126,86
"(247, 134, 208)",Medium,898,Male,19,23,247,134,208
"(41, 36, 32)",Dark,899,Female,19,18,41,36,32
"(160, 126, 86)",Medium,900,Female,4,4,160,126,86
"(215, 189, 150)",Medium,901,Female,18,17,215,189,150
"(215, 189, 150)",Medium,902,Female,3,21,215,189,150
"(247, 134, 208)",Medium,903,Male,19,22,247,134,208
"(96, 65, 52)",Dark,904,Male,9,17,96,65,52
"(160, 126, 86)",Medium,905,Female,15,13,160,126,86
"(160, 126, 86)",Medium,906,Male,14,23,160,126,86
"(215, 189, 150)",Medium,907,Female,18,13,215,189,150
"(160, 126, 86)",Medium,908,Male,10,14,160,126,86
"(41, 36, 32)",Dark,909,Male,4,8,41,36,32
"(160, 126, 86)",Medium,910,Female,4,20,160,126,86
"(96, 65, 52)",Dark,911,Male,9,5,96,65,52
"(234, 218, 186)",Light,912,Male,12,14,234,218,186
"(247, 134, 208)",Medium,913,Female,28,11,247,134,208
"(243, 231, 219)",Light,914,Male,14,1,243,231,219
"(130, 92, 67)",Medium,915,Male,23,26,130,92,67
"(247, 134, 208)",Medium,916,Female,4,2,247,134,208
"(215, 189, 150)",Medium,917,Female,28,10,215,189,150
"(160, 126, 86)",Medium,918,Female,14,20,160,126,86
"(234, 218, 186)",Light,919,Female,1,1,234,218,186
"(247, 134, 208)",Medium,920,Male,3,26,247,134,208
"(247, 134, 208)",Medium,921,Male,2,6,247,134,208
"(96, 65, 52)",Dark,922,Male,15,20,96,65,52
"(234, 218, 186)",Light,923,Female,2,9,234,218,186
"(58, 49, 42)",Dark,924,Male,4,5,58,49,42
"(215, 189, 150)",Medium,925,Female,27,11,215,189,150
"(96, 65, 52)",Dark,926,Female,26,8,96,65,52
"(247, 134, 208)",Medium,927,Female,12,4,247,134,208
"(234, 218, 186)",Light,928,Female,17,18,234,218,186
"(246, 237, 228)",Light,929,Female,7,3,246,237,228
"(247, 134, 208)",Medium,930,Male,20,13,247,134,208
"(160, 126, 86)",Medium,931,Female,10,11,160,126,86
"(130, 92, 67)",Medium,932,Female,3,4,130,92,67
"(247, 134, 208)",Medium,933,Male,21,9,247,134,208
"(160, 126, 86)",Medium,934,Male,15,15,160,126,86
"(41, 36, 32)",Dark,935,Female,11,5,41,36,32
"(215, 189, 150)",Medium,936,Male,3,10,215,189,150
"(247, 134, 208)",Medium,937,Female,14,9,247,134,208
"(234, 218, 186)",Light,938,Female,20,8,234,218,186
"(58, 49, 42)",Dark,939,Female,17,3,58,49,42
"(96, 65, 52)",Dark,940,Male,4,21,96,65,52
"(215, 189, 150)",Medium,941,Female,3,11,215,189,150
"(160, 126, 86)",Medium,942,Male,20,18,160,126,86
"(215, 189, 150)",Medium,943,Female,18,19,215,189,150
"(58, 49, 42)",Dark,944,Female,8,5,58,49,42
"(234, 218, 186)",Light,945,Female,9,1,234,218,186
"(160, 126, 86)",Medium,946,Female,8,7,160,126,86
"(160, 126, 86)",Medium,947,Male,19,14,160,126,86
"(234, 218, 186)",Light,948,Male,22,17,234,218,186
"(247, 134, 208)",Medium,949,Male,2,22,247,134,208
"(234, 218, 186)",Light,950,Female,20,11,234,218,186
"(160, 126, 86)",Medium,951,Female,15,20,160,126,86
"(58, 49, 42)",Dark,952,Male,13,1,58,49,42
"(96, 65, 52)",Dark,953,Male,8,8,96,65,52
"(160, 126, 86)",Medium,954,Female,14,4,160,126,86
"(160, 126, 86)",Medium,955,Female,18,4,160,126,86
"(215, 189, 150)",Medium,956,Female,20,9,215,189,150
"(160, 126, 86)",Medium,957,Female,4,9,160,126,86
"(160, 126, 86)",Medium,958,Female,20,20,160,126,86
"(130, 92, 67)",Medium,959,Female,23,6,130,92,67
"(160, 126, 86)",Medium,960,Male,4,25,160,126,86
"(130, 92, 67)",Medium,961,Male,6,23,130,92,67
"(247, 134, 208)",Medium,962,Male,3,25,247,134,208
"(160, 126, 86)",Medium,963,Male,21,18,160,126,86
"(160, 126, 86)",Medium,964,Male,2,7,160,126,86
"(130, 92, 67)",Medium,965,Male,1,18,130,92,67
"(247, 134, 208)",Medium,966,Female,15,2,247,134,208
"(215, 189, 150)",Medium,967,Female,15,9,215,189,150
"(246, 237, 228)",Light,968,Male,11,9,246,237,228
"(130, 92, 67)",Medium,969,Female,27,21,130,92,67
"(96, 65, 52)",Dark,970,Female,5,8,96,65,52
"(215, 189, 150)",Medium,971,Male,20,24,215,189,150
"(160, 126, 86)",Medium,972,Male,20,24,160,126,86
"(160, 126, 86)",Medium,973,Female,14,9,160,126,86
"(96, 65, 52)",Dark,974,Male,13,21,96,65,52
"(234, 218, 186)",Light,975,Female,13,2,234,218,186
"(160, 126, 86)",Medium,976,Female,4,20,160,126,86
"(160, 126, 86)",Medium,977,Female,21,6,160,126,86
"(130, 92, 67)",Medium,978,Female,28,11,130,92,67
"(160, 126, 86)",Medium,979,Male,4,26,160,126,86
"(215, 189, 150)",Medium,980,Female,20,4,215,189,150
"(58, 49, 42)",Dark,981,Female,16,1,58,49,42
"(130, 92, 67)",Medium,982,Female,14,12,130,92,67
"(130, 92, 67)",Medium,983,Female,1,9,130,92,67
"(247, 134, 208)",Medium,984,Male,1,3,247,134,208
"(247, 134, 208)",Medium,985,Female,27,10,247,134,208
"(247, 134, 208)",Medium,986,Female,28,19,247,134,208
"(243, 231, 219)",Light,987,Male,23,13,243,231,219
"(130, 92, 67)",Medium,988,Female,28,12,130,92,67
"(234, 218, 186)",Light,989,Male,3,15,234,218,186
"(160, 126, 86)",Medium,990,Female,3,20,160,126,86
"(234, 218, 186)",Light,991,Female,10,5,234,218,186
"(96, 65, 52)",Dark,992,Female,25,14,96,65,52
"(215, 189, 150)",Medium,993,Female,15,7,215,189,150
"(215, 189, 150)",Medium,994,Female,15,11,215,189,150
"(58, 49, 42)",Dark,995,Male,12,5,58,49,42
"(247, 134, 208)",Medium,996,Male,1,26,247,134,208
"(160, 126, 86)",Medium,997,Female,15,11,160,126,86
"(215, 189, 150)",Medium,998,Female,21,4,215,189,150
"(130, 92, 67)",Medium,999,Male,1,14,130,92,67
"(160, 126, 86)",Medium,1000,Male,6,14,160,126,86
